{
  "version": 2,
  "generatedAt": "2026-04-09T08:45:32.690102+00:00",
  "source": {
    "type": "excel",
    "path": "C:\\Users\\yeoww\\OneDrive\\Desktop\\sqkii tele alerts\\SQKII BOT FINAL\\shrink logs\\shrink_log - Copy.xlsx",
    "sheet": "Shrinks",
    "exactEndedCoinCount": 57,
    "prefixSampleCount": 669
  },
  "target": {
    "errorMeters": 200.0,
    "confidenceMeters": 500.0
  },
  "search": {
    "timeBudgetSec": 7200.0,
    "maxIterations": 240,
    "seed": 42,
    "elapsedSec": 7222.224428500049
  },
  "config": {
    "id": "algo-shape-balanced-rf76-du135-sr140-mut44993-mut42325-mut27601-mut25906-mut67125-mut64387-mut70443",
    "label": "Shape-first balanced-rf76-du135-sr140 mut44993 mut42325 mut27601 mut25906 mut67125 mut64387 mut70443",
    "penalties": {
      "radius": 6.722749965828725,
      "drift": 2.9184924173212,
      "cadence": 1.4227273769809985,
      "size": 0.8850033874444748,
      "duration": 1.3324835062537959,
      "shrinkRate": 1.9560420162479133,
      "signature": 0.8826218173171048,
      "bundle": 1.446142962465488
    },
    "roomFactor": 0.7757390692508588,
    "familyBoost": 0.5079678995390535,
    "ensemble": {
      "fullRaw": 0.3085919939858095,
      "fullScaled": 0.1908595052730879,
      "shapeRaw": 0.28937932065386285,
      "shapeScaled": 0.21116918008723976,
      "motionRaw": 0.0,
      "motionScaled": 0.0
    },
    "blend": {
      "full": 0.22769992722596982,
      "shape": 0.4856733955833326,
      "motion": 0.2866266771906975
    },
    "reverseBlend": {
      "direct": 0.3494078698598024,
      "decomposed": 0.38032772541209026,
      "generator": 0.27026440472810737
    },
    "progressScaleBounds": [
      0.690683904191601,
      1.5207703564694397
    ],
    "remainingScaleBounds": [
      0.482941327875078,
      1.212285139168936
    ]
  },
  "formulaString": "roomFactor=0.776; familyBoost=0.508; penalties(radius=6.723, drift=2.918, cadence=1.423, size=0.885, duration=1.332, shrinkRate=1.956, signature=0.883, bundle=1.446); reverseBlend(direct=0.349, decomposed=0.380, generator=0.270); progressScale=[0.691,1.521]; remainingScale=[0.483,1.212]",
  "fitMetrics": {
    "sampleCount": 669,
    "coinCount": 57,
    "meanErrorM": 677.0775249952183,
    "medianErrorM": 579.9077900832735,
    "p70ErrorM": 871.0492152848327,
    "maxErrorM": 2103.1774211060665,
    "meanConfidenceM": 1410.9994938011666,
    "medianConfidenceM": 1354.3040948529444,
    "maxConfidenceM": 3236.9876696814135,
    "coinMeanErrorM": 675.7482973775437,
    "coinMeanConfidenceM": 1414.4182647947885,
    "failCount": 656,
    "failErrorExcessM": 324647.45021740795,
    "failConfidenceExcessM": 612275.7316294904,
    "allWithinTarget": false,
    "abortedEarly": false,
    "score": 2223772226.276384
  },
  "familyModel": {
    "keys": [
      "startRadiusKm",
      "shrinkFraction",
      "meanStepDistanceRatio",
      "durationNorm",
      "shrinkRateNorm",
      "radiusStdRatio",
      "bundleCountRatio",
      "meanBundleRunRatio",
      "maxBundleRunRatio",
      "finalBundleRunRatio",
      "turnDensity",
      "headingChangeNorm",
      "finalHeadingEastNorm",
      "finalHeadingNorthNorm"
    ],
    "means": [
      2.1650701754385966,
      0.6066739005142465,
      0.01376336880637341,
      65.71778428551646,
      0.012997761609235154,
      0.17357422625105734,
      0.0967894740490947,
      0.40824676425362927,
      0.5986836769599103,
      0.4556961636945246,
      0.07002988459524709,
      0.4595577617201395,
      0.2384907799551023,
      0.03333298988743563
    ],
    "stds": [
      0.7230119471884003,
      0.16040119193834465,
      0.00648789165628591,
      37.018768022064826,
      0.008952083094472376,
      0.043364736134167546,
      0.0626534439641183,
      0.32573632118376983,
      0.2672953992068611,
      0.3387854993649679,
      0.05973095616978291,
      0.31269177384140273,
      0.6376853780443444,
      0.7316887441323754
    ],
    "centroids": [
      [
        0.9242767847660512,
        -0.13910613215213544,
        0.4909077911452684,
        -0.9149647443335027,
        0.7517594139774498,
        -0.2788979125974291,
        -0.9488015662148563,
        1.560832702246316,
        1.3124478519869502,
        1.457555847951048,
        -1.0878677274149218,
        -1.3166688865854457,
        -0.24423471169927077,
        -0.4571954124050057
      ],
      [
        0.03267184220893064,
        0.6947582606439866,
        -0.7859095978296085,
        0.9980086032978088,
        -0.6109212467901417,
        0.6986572571665352,
        -0.6057008925975496,
        -0.47990867816782273,
        -0.32595177499246003,
        -0.742376431436029,
        -0.4075296244164876,
        0.25516450971693555,
        -0.20831706803906086,
        -0.21603614247860664
      ],
      [
        0.06913088550572252,
        -0.3455245181467886,
        0.5080548838077791,
        -0.9136844235032067,
        0.7157283092836382,
        -0.42570005829591445,
        0.7402260493042445,
        -0.3519341695781092,
        -0.2837157295702758,
        -0.24766395249825535,
        0.5783529510597605,
        0.2589222942919052,
        -0.18749170652650266,
        0.354545299995178
      ],
      [
        -0.1453228758489902,
        0.13441543643564396,
        -0.14225821673991482,
        0.5132201533881003,
        -0.47312416301381005,
        0.27919669559358345,
        0.5895275835161129,
        -0.7630064675009285,
        -0.7297074388651859,
        -0.469604563303799,
        0.7536115932397357,
        0.8292609664320829,
        0.5483833422014971,
        0.0015873546989378991
      ],
      [
        -0.7914295673904654,
        -0.4636057125568228,
        -0.09636659522221651,
        0.531005547004746,
        -0.6414183136880374,
        -0.38160230101157044,
        -1.0816721339881024,
        1.8166633478141445,
        1.5013962987425356,
        1.6066326254392196,
        -1.1724219581583437,
        -1.469682927934098,
        0.1650389246127149,
        -0.1719666613776735
      ]
    ],
    "summaries": [
      {
        "familyId": "family-1",
        "count": 6,
        "avgStartRadiusM": 2833.3333333333335,
        "avgSmallestPublicCircleSizeM": 1202.6666666666667,
        "avgDurationHours": 25.664583333333333,
        "centroid": [
          0.9242767847660512,
          -0.13910613215213544,
          0.4909077911452684,
          -0.9149647443335027,
          0.7517594139774498,
          -0.2788979125974291,
          -0.9488015662148563,
          1.560832702246316,
          1.3124478519869502,
          1.457555847951048,
          -1.0878677274149218,
          -1.3166688865854457,
          -0.24423471169927077,
          -0.4571954124050057
        ],
        "labels": [
          "AXS Pay Bills, Coin 8",
          "First-Timer, Coin 140",
          "Silver, Coin 72",
          "Silver, Coin 74",
          "Silver, Coin 84",
          "Revolut, Coin 14"
        ]
      },
      {
        "familyId": "family-2",
        "count": 13,
        "avgStartRadiusM": 2188.6923076923076,
        "avgSmallestPublicCircleSizeM": 624.0,
        "avgDurationHours": 60.68335470085471,
        "centroid": [
          0.03267184220893064,
          0.6947582606439866,
          -0.7859095978296085,
          0.9980086032978088,
          -0.6109212467901417,
          0.6986572571665352,
          -0.6057008925975496,
          -0.47990867816782273,
          -0.32595177499246003,
          -0.742376431436029,
          -0.4075296244164876,
          0.25516450971693555,
          -0.20831706803906086,
          -0.21603614247860664
        ],