{
  "version": 1,
  "generatedAt": "2026-04-04T14:42:48.414990+00:00",
  "source": {
    "table": "coin_history_archive",
    "room": "",
    "exactEndedCoinCount": 10,
    "prefixSampleCount": 634
  },
  "target": {
    "errorMeters": 200.0,
    "confidenceMeters": 200.0
  },
  "search": {
    "timeBudgetSec": 14400.0,
    "maxIterations": 20000,
    "seed": 42,
    "elapsedSec": 14407.985890799988
  },
  "config": {
    "id": "algo-drift-balanced-rf90-du135-sr180-mut14207-mut97670-mut94874-mut87278-mut13379-mut91490-mut92691-mut26750-mut64600-mut26545-mut92203-mut87015-mut13515-mut96772-mut55706-mut72180-mut48712-mut32898-mut59592-mut34931-mut15796-mut75991-mut87091-mut23762-mut28892-mut86626-mut98978-mut78327-mut83618",
    "label": "Drift-first balanced-rf90-du135-sr180 mut14207 mut97670 mut94874 mut87278 mut13379 mut91490 mut92691 mut26750 mut64600 mut26545 mut92203 mut87015 mut13515 mut96772 mut55706 mut72180 mut48712 mut32898 mut59592 mut34931 mut15796 mut75991 mut87091 mut23762 mut28892 mut86626 mut98978 mut78327 mut83618",
    "penalties": {
      "radius": 9.282978706487318,
      "drift": 2.4472541868940576,
      "cadence": 4.729967387118043,
      "size": 0.7964081909986155,
      "duration": 0.7932119475773931,
      "shrinkRate": 1.6963669464433841,
      "signature": 1.5954231701638077
    },
    "roomFactor": 0.8251184127316111,
    "ensemble": {
      "fullRaw": 0.30540126497875125,
      "fullScaled": 0.08578466684628086,
      "shapeRaw": 0.2711348971116754,
      "shapeScaled": 0.0,
      "motionRaw": 0.0,
      "motionScaled": 0.33767917106329254
    },
    "blend": {
      "full": 0.46644025600699845,
      "shape": 0.2272152143681356,
      "motion": 0.3063445296248659
    },
    "progressScaleBounds": [
      0.35,
      1.4240158956298732
    ],
    "remainingScaleBounds": [
      0.7907099140004069,
      1.0
    ]
  },
  "formulaString": "roomFactor=0.825; penalties(radius=9.283, drift=2.447, cadence=4.730, size=0.796, duration=0.793, shrinkRate=1.696, signature=1.595); progressScale=[0.350,1.424]; remainingScale=[0.791,1.000]",
  "fitMetrics": {
    "sampleCount": 634,
    "coinCount": 10,
    "meanErrorM": 504.8474502870071,
    "medianErrorM": 532.6016110369113,
    "p70ErrorM": 590.509609118325,
    "maxErrorM": 889.9735598965892,
    "meanConfidenceM": 229.3152083199978,
    "medianConfidenceM": 62.295852613531004,
    "maxConfidenceM": 1158.2817405274282,
    "coinMeanErrorM": 430.24764832253516,
    "coinMeanConfidenceM": 318.2649009614351,
    "failCount": 580,
    "failErrorExcessM": 198998.80513899104,
    "failConfidenceExcessM": 74674.8044936058,
    "allWithinTarget": false,
    "abortedEarly": false,
    "score": 1090040106.1519194
  }
}