{
  "version": 1,
  "generatedAt": "2026-04-04T14:42:48.414990+00:00",
  "source": {
    "table": "coin_history_archive",
    "room": "",
    "exactEndedCoinCount": 10,
    "prefixSampleCount": 634
  },
  "target": {
    "errorMeters": 200.0,
    "confidenceMeters": 200.0
  },
  "search": {
    "timeBudgetSec": 14400.0,
    "maxIterations": 20000,
    "seed": 42,
    "elapsedSec": 14407.985890799988
  },
  "config": {
    "id": "algo-drift-balanced-rf90-du135-sr180-mut14207-mut97670-mut94874-mut87278-mut13379-mut91490-mut92691-mut26750-mut64600-mut26545-mut92203-mut87015-mut13515-mut96772-mut55706-mut72180-mut48712-mut32898-mut59592-mut34931-mut15796-mut75991-mut87091-mut23762-mut28892-mut86626-mut98978-mut78327-mut83618",
    "label": "Drift-first balanced-rf90-du135-sr180 mut14207 mut97670 mut94874 mut87278 mut13379 mut91490 mut92691 mut26750 mut64600 mut26545 mut92203 mut87015 mut13515 mut96772 mut55706 mut72180 mut48712 mut32898 mut59592 mut34931 mut15796 mut75991 mut87091 mut23762 mut28892 mut86626 mut98978 mut78327 mut83618",
    "penalties": {
      "radius": 9.282978706487318,
      "drift": 2.4472541868940576,
      "cadence": 4.729967387118043,
      "size": 0.7964081909986155,
      "duration": 0.7932119475773931,
      "shrinkRate": 1.6963669464433841,
      "signature": 1.5954231701638077
    },
    "roomFactor": 0.8251184127316111,
    "ensemble": {
      "fullRaw": 0.30540126497875125,
      "fullScaled": 0.08578466684628086,
      "shapeRaw": 0.2711348971116754,
      "shapeScaled": 0.0,
      "motionRaw": 0.0,
      "motionScaled": 0.33767917106329254
    },
    "blend": {
      "full": 0.46644025600699845,
      "shape": 0.2272152143681356,
      "motion": 0.3063445296248659
    },
    "progressScaleBounds": [
      0.35,
      1.4240158956298732
    ],
    "remainingScaleBounds": [
      0.7907099140004069,
      1.0
    ]
  },
  "formulaString": "roomFactor=0.825; penalties(radius=9.283, drift=2.447, cadence=4.730, size=0.796, duration=0.793, shrinkRate=1.696, signature=1.595); progressScale=[0.350,1.424]; remainingScale=[0.791,1.000]",
  "fitMetrics": {
    "sampleCount": 634,
    "coinCount": 10,
    "meanErrorM": 504.8474502870071,
    "medianErrorM": 532.6016110369113,
    "p70ErrorM": 590.509609118325,
    "maxErrorM": 889.9735598965892,
    "meanConfidenceM": 229.3152083199978,
    "medianConfidenceM": 62.295852613531004,
    "maxConfidenceM": 1158.2817405274282,
    "coinMeanErrorM": 430.24764832253516,
    "coinMeanConfidenceM": 318.2649009614351,
    "failCount": 580,
    "failErrorExcessM": 198998.80513899104,
    "failConfidenceExcessM": 74674.8044936058,
    "allWithinTarget": false,
    "abortedEarly": false,
    "score": 1090040106.1519194
  },
  "leaderboard": [
    {
      "rank": 1,
      "configId": "algo-drift-balanced-rf90-du135-sr180-mut14207-mut97670-mut94874-mut87278-mut13379-mut91490-mut92691-mut26750-mut64600-mut26545-mut92203-mut87015-mut13515-mut96772-mut55706-mut72180-mut48712-mut32898-mut59592-mut34931-mut15796-mut75991-mut87091-mut23762-mut28892-mut86626-mut98978-mut78327-mut83618",
      "formulaString": "roomFactor=0.825; penalties(radius=9.283, drift=2.447, cadence=4.730, size=0.796, duration=0.793, shrinkRate=1.696, signature=1.595); progressScale=[0.350,1.424]; remainingScale=[0.791,1.000]",
      "metrics": {
        "sampleCount": 634,
        "coinCount": 10,
        "meanErrorM": 504.8474502870071,
        "medianErrorM": 532.6016110369113,
        "p70ErrorM": 590.509609118325,
        "maxErrorM": 889.9735598965892,
        "meanConfidenceM": 229.3152083199978,
        "medianConfidenceM": 62.295852613531004,
        "maxConfidenceM": 1158.2817405274282,
        "coinMeanErrorM": 430.24764832253516,
        "coinMeanConfidenceM": 318.2649009614351,
        "failCount": 580,
        "failErrorExcessM": 198998.80513899104,
        "failConfidenceExcessM": 74674.8044936058,
        "allWithinTarget": false,
        "abortedEarly": false,
        "score": 1090040106.1519194
      }
    },
    {
      "rank": 2,
      "configId": "algo-drift-balanced-rf90-du135-sr180-mut14207-mut97670-mut94874-mut87278-mut13379-mut91490-mut92691-mut26750-mut64600-mut26545-mut92203-mut87015-mut13515-mut96772-mut55706-mut72180-mut48712-mut32898-mut59592-mut34931-mut15796-mut75991-mut87091-mut23762-mut28892-mut86626-mut98978-mut47653-mut54996",
      "formulaString": "roomFactor=0.793; penalties(radius=7.682, drift=2.676, cadence=5.191, size=0.742, duration=0.709, shrinkRate=1.816, signature=1.582); progressScale=[0.350,1.404]; remainingScale=[0.766,1.000]",
      "metrics": {
        "sampleCount": 634,
        "coinCount": 10,
        "meanErrorM": 505.60974139009056,
        "medianErrorM": 538.7748660912214,
        "p70ErrorM": 590.9158794596358,
        "maxErrorM": 891.448965317592,
        "meanConfidenceM": 231.437418159595,
        "medianConfidenceM": 65.74497112320886,
        "maxConfidenceM": 1106.2464151381726,
        "coinMeanErrorM": 431.0833993334184,
        "coinMeanConfidenceM": 318.68603574467295,
        "failCount": 584,
        "failErrorExcessM": 199572.09115787494,
        "failConfidenceExcessM": 74496.28197770195,
        "allWithinTarget": false,
        "abortedEarly": false,
        "score": 1094918678.0842323
      }
    },
    {
      "rank": 3,
      "configId": "algo-drift-balanced-rf90-du135-sr180-mut14207-mut97670-mut94874-mut87278-mut13379-mut91490-mut92691-mut26750-mut64600-mut26545-mut92203-mut87015-mut13515-mut96772-mut55706-mut72180-mut48712-mut32898-mut59592-mut34931-mut15796-mut75991-mut87091-mut23762-mut28892-mut86626-mut98978-mut47653",
      "formulaString": "roomFactor=0.831; penalties(radius=7.412, drift=2.651, cadence=4.835, size=0.691, duration=0.771, shrinkRate=1.759, signature=1.461); progressScale=[0.350,1.419]; remainingScale=[0.734,1.000]",
      "metrics": {
        "sampleCount": 634,
        "coinCount": 10,
        "meanErrorM": 507.20558760311087,
        "medianErrorM": 543.0012462396425,
        "p70ErrorM": 590.4711758865257,
        "maxErrorM": 887.4327676183682,
        "meanConfidenceM": 232.14852217362755,
        "medianConfidenceM": 76.18756028916343,
        "maxConfidenceM": 1089.9155910800189,
        "coinMeanErrorM": 432.92416694941846,
        "coinMeanConfidenceM": 315.81998460481856,
        "failCount": 584,
        "failErrorExcessM": 200409.42593823024,
        "failConfidenceExcessM": 73746.45240488085,
        "allWithinTarget": false,
        "abortedEarly": false,
        "score": 1095468521.2385223
      }
    },
    {
      "rank": 4,
      "configId": "algo-drift-balanced-rf90-du135-sr180-mut14207-mut97670-mut94874-mut87278-mut13379-mut91490-mut92691-mut26750-mut64600-mut26545-mut92203-mut87015-mut13515-mut96772-mut55706-mut72180-mut48712-mut32898-mut59592-mut34931-mut15796-mut75991-mut87091-mut23762-mut28892-mut86626-mut98978-mut78327",
      "formulaString": "roomFactor=0.819; penalties(radius=8.157, drift=2.565, cadence=4.388, size=0.695, duration=0.845, shrinkRate=1.970, signature=1.535); progressScale=[0.369,1.485]; remainingScale=[0.725,1.000]",
      "metrics": {
        "sampleCount": 634,
        "coinCount": 10,
        "meanErrorM": 508.86210977671493,
        "medianErrorM": 545.1184968784302,
        "p70ErrorM": 590.5387945172259,
        "maxErrorM": 887.0731117471311,
        "meanConfidenceM": 229.0800090202816,
        "medianConfidenceM": 70.62949694151352,
        "maxConfidenceM": 1096.3174697139543,
        "coinMeanErrorM": 434.7829482855832,
        "coinMeanConfidenceM": 315.3636176324691,
        "failCount": 584,
        "failErrorExcessM": 201249.56614796355,
        "failConfidenceExcessM": 72627.65313617596,
        "allWithinTarget": false,
        "abortedEarly": false,
        "score": 1095470647.2826283
      }
    },
    {
      "rank": 5,